{"cameraMode":{"drawMode":0,"name":"Shaded","section":"Shading Mode"},"sceneLighting":true,"audioPlay":false,"sceneViewState":{"m_AlwaysRefresh":false,"showFog":true,"showSkybox":true,"showFlares":true,"showImageEffects":true,"showParticleSystems":true,"showVisualEffectGraphs":true,"m_FxEnabled":true},"in2DMode":false,"pivot":{"x":-13.47601318359375,"y":4.6825642585754398,"z":27.253267288208009},"rotation":{"x":-0.21212875843048097,"y":0.5250704884529114,"z":-0.13704396784305573,"w":-0.8127338290214539},"size":14.722906112670899,"orthographic":false}