{"cameraMode":{"drawMode":0,"name":"Shaded","section":"Shading Mode"},"sceneLighting":true,"audioPlay":false,"sceneViewState":{"m_AlwaysRefresh":false,"showFog":true,"showSkybox":true,"showFlares":true,"showImageEffects":true,"showParticleSystems":true,"showVisualEffectGraphs":true,"m_FxEnabled":true},"in2DMode":false,"pivot":{"x":-0.028908610343933107,"y":0.9001995325088501,"z":0.009380638599395752},"rotation":{"x":0.41592857241630556,"y":0.01227125246077776,"z":-0.0056246193125844,"w":0.9093082547187805},"size":7.233414649963379,"orthographic":false}