{"cameraMode":{"drawMode":0,"name":"Shaded","section":"Shading Mode"},"sceneLighting":true,"audioPlay":false,"sceneViewState":{"m_AlwaysRefresh":false,"showFog":true,"showSkybox":true,"showFlares":true,"showImageEffects":true,"showParticleSystems":true,"showVisualEffectGraphs":true,"m_FxEnabled":true},"in2DMode":false,"pivot":{"x":-6.948605060577393,"y":1.8042091131210328,"z":97.05091857910156},"rotation":{"x":0.1551215499639511,"y":-0.05628352239727974,"z":0.008829024620354176,"w":0.9862809181213379},"size":5.314901351928711,"orthographic":false}